{
	"description": "项目配置文件。",
	"packOptions": {
		"ignore": []
	},
	"setting": {
		"urlCheck": false,
		"es6": true,
		"postcss": true,
		"minified": true,
		"newFeature": true
	},
	"compileType": "miniprogram",
	"libVersion": "2.0.4",
	"appid": "wx11967a119ee0e677",
	"projectname": "%E5%A4%A7%E5%B1%B1%E6%97%A9%E9%A4%90",
	"isGameTourist": false,
	"condition": {
		"search": {
			"current": -1,
			"list": []
		},
		"conversation": {
			"current": -1,
			"list": []
		},
		"plugin": {
			"current": -1,
			"list": []
		},
		"game": {
			"currentL": -1,
			"list": []
		},
		"miniprogram": {
			"current": 0,
			"list": [
				{
					"id": 0,
					"name": "test",
					"pathName": "pages/commonweal/commonweal",
					"query": ""
				},
				{
					"id": -1,
					"name": "test",
					"pathName": "pages/component/jpgwc/jpgwc",
					"query": ""
				}
			]
		}
	}
}